<?xml version="1.0" encoding="utf-8"?>
<openerp>
<data>

    <record model="ir.module.category" id="module_category_purchase_requisition">
    	<field name="name">Material Purchase Requisitions</field>
        <field name="description">Helps you manage your material purchase requisition.</field>
        <field name="sequence">3</field>
    </record>
    
    <record id="group_purchase_requisition_user" model="res.groups">
        <field name="name">Purchase Requisition User</field>
        <field name="implied_ids" eval="[(4, ref('base.group_user'))]"/>
        <field name="category_id" ref="module_category_purchase_requisition"/>
    </record>
    
    <record id="group_requisition_department_manager" model="res.groups">
        <field name="name">Purchase Requisition Department Manager</field>
        <field name="implied_ids" eval="[(4, ref('base.group_user'))]"/>
        <field name="category_id" ref="module_category_purchase_requisition"/>
    </record>
</data>
</openerp>

